name,img_avg,img_std,img_kur,img_med,hist_0_64,hist_0_64_avg,hist_0_64_std,hist_0_64_kur,hist_0_64_med,hist_64_128,hist_64_128_avg,hist_64_128_std,hist_64_128_kur,hist_64_128_median,hist_128_192,hist_128_192_avg,hist_128_192_std,hist_128_192_kur,hist_128_192_median,hist_192_256,hist_192_256_avg,hist_192_256_std,hist_192_256_kur,hist_192_256_median,class
RT21_1.jpg,15.671035766601562,5.232838864343237,2.4019619608075042,16.0,3609,53.813244666112496,7.427404142143519,3.9545459943851284,55,28547,98.75808316110275,17.94286427964612,1.8909023067206074,100,28690,155.35008713837573,17.48638019848505,1.9702132736090276,154,4690,207.8087420042644,12.916380853154934,3.2025248410256917,205,teste
